Name,Region,County,Metres,Feet,Latitude,Longitude,Matthew,Scott
Ben Nevis [Beinn Nibheis],04A: Fort William to Loch Treig & Loch Leven,Highland,1344.53,4411,56.796891,-5.003675,,2005
Ben Macdui [Beinn Macduibh],08A: Cairngorms,Aberdeenshire/Moray,1309.3,4296,57.070368,-3.669099,2024,
Braeriach,08A: Cairngorms,Aberdeenshire/Highland,1296,4252,57.078298,-3.728373,,
Cairn Toul,08A: Cairngorms,Aberdeenshire,1291,4236,57.054406,-3.710757,,
Sgor an Lochain Uaine,08A: Cairngorms,Aberdeenshire,1258,4127,57.058376,-3.725897,,
Cairn Gorm,08A: Cairngorms,Highland/Moray,1244.8,4084,57.116714,-3.644477,2024,
Aonach Beag,04A: Fort William to Loch Treig & Loch Leven,Highland,1234,4049,56.799998,-4.954138,,
Aonach Mor,04A: Fort William to Loch Treig & Loch Leven,Highland,1220.4,4004,56.812941,-4.961712,,
Carn Mor Dearg,04A: Fort William to Loch Treig & Loch Leven,Highland,1220,4003,56.805246,-4.986616,,
Ben Lawers,02B: Glen Lyon to Glen Dochart & Loch Tay,Perth and Kinross,1214.3,3984,56.544921,-4.220876,,2005
Beinn a' Bhuird [Beinn a' Bhuird North Top],08B: Cairngorms,Aberdeenshire/Moray,1196,3924,57.08759,-3.499383,,
Beinn Mheadhoin,08A: Cairngorms,Moray,1182.9,3881,57.095849,-3.611464,,
Carn Eighe,11A: Loch Duich to Cannich,Highland,1182.8,3881,57.287701,-5.115159,,
Mam Sodhail,11A: Loch Duich to Cannich,Highland,1179.4,3869,57.279801,-5.120267,,
Stob Choire Claurigh,04A: Fort William to Loch Treig & Loch Leven,Highland,1177,3862,56.823786,-4.849624,,
Ben More,01C: Loch Lomond to Strathyre,Stirling,1173.9,3851,56.385952,-4.540087,2025,2008
Ben Avon - Leabaidh an Daimh Bhuidhe,08B: Cairngorms,Aberdeenshire/Moray,1172,3845,57.099347,-3.434438,,
Stob Binnein,01C: Loch Lomond to Strathyre,Stirling,1164.8,3822,56.370708,-4.535768,2025,
Beinn Bhrotain,08A: Cairngorms,Aberdeenshire,1157,3796,57.009868,-3.723797,,
Lochnagar - Cac Carn Beag,07A: Braemar to Montrose,Aberdeenshire,1155.7,3792,56.960272,-3.245261,2024,
Derry Cairngorm,08A: Cairngorms,Aberdeenshire,1155.8,3792,57.062801,-3.622004,,
Sgurr na Lapaich,12B: Killilan to Inverness,Highland,1151.9,3779,57.369311,-5.059726,2024,
Sgurr nan Ceathramhnan [Sgurr nan Ceathreamhnan],11A: Loch Duich to Cannich,Highland,1149.7,3772,57.254911,-5.222732,,
Bidean nam Bian,03B: Loch Linnhe to Loch Etive,Highland,1149.4,3771,56.642759,-5.029335,2015,
Ben Alder,04B: Loch Treig to Loch Ericht,Highland,1148,3766,56.813796,-4.465089,,
Geal-charn (Alder),04B: Loch Treig to Loch Ericht,Highland,1132,3714,56.837827,-4.509693,,
Ben Lui [Beinn Laoigh],01D: Inveraray to Crianlarich,Stirling,1131.4,3712,56.397004,-4.810509,,
Binnein Mor,04A: Fort William to Loch Treig & Loch Leven,Highland,1130,3707,56.754376,-4.925796,,
An Riabhachan,12B: Killilan to Inverness,Highland,1129,3704,57.362437,-5.104745,2024,
Creag Meagaidh,09C: Loch Lochy to Loch Laggan,Highland,1128.1,3701,56.952023,-4.602117,,
Ben Cruachan,03C: Glen Etive to Glen Lochy,Argyll and Bute,1127,3698,56.426841,-5.131802,2025,
Meall Garbh (Ben Lawers),02B: Glen Lyon to Glen Dochart & Loch Tay,Perth and Kinross,1123.1,3685,56.566131,-4.207698,,
Beinn a' Ghlo - Carn nan Gabhar,06B: Pitlochry to Braemar & Blairgowrie,Perth and Kinross,1121.9,3681,56.839846,-3.688022,2025,
A' Chraileag [A' Chralaig],11B: Glen Affric to Glen Moriston,Highland,1120,3675,57.184186,-5.154837,2023,
An Stuc,02B: Glen Lyon to Glen Dochart & Loch Tay,Perth and Kinross,1117.1,3665,56.560084,-4.216248,,
Stob Coire an Laoigh,04A: Fort William to Loch Treig & Loch Leven,Highland,1116,3661,56.810877,-4.884907,,
Aonach Beag (Alder),04B: Loch Treig to Loch Ericht,Highland,1115.8,3661,56.833498,-4.529175,,
Sgor Gaoith,08A: Cairngorms,Highland,1116,3661,57.068552,-3.810856,,
Stob Coire Easain,04A: Fort William to Loch Treig & Loch Leven,Highland,1115,3658,56.818199,-4.77371,,
Monadh Mor,08A: Cairngorms,Aberdeenshire/Highland,1113.4,3653,57.0268,-3.75007,,
Tom a' Choinnich [Tom a' Choinich],11A: Loch Duich to Cannich,Highland,1112.7,3651,57.299545,-5.048961,,
Carn a' Choire Bhoidheach,07A: Braemar to Montrose,Aberdeenshire,1109.9,3641,56.945773,-3.272707,,
Sgurr nan Conbhairean,11B: Glen Affric to Glen Moriston,Highland,1109,3638,57.177622,-5.095407,,
Sgurr Mor ,14B: The Fannaichs,Highland,1108.9,3638,57.700133,-5.016765,,
Meall a' Bhuiridh,03C: Glen Etive to Glen Lochy,Highland,1107.9,3635,56.612216,-4.852159,,
Stob a' Choire Mheadhoin,04A: Fort William to Loch Treig & Loch Leven,Highland,1105,3625,56.823684,-4.760199,,
Beinn Ghlas,02B: Glen Lyon to Glen Dochart & Loch Tay,Perth and Kinross,1103.4,3620,56.535996,-4.236992,,
Beinn Eibhinn,04B: Loch Treig to Loch Ericht,Highland,1103.3,3620,56.825255,-4.542077,,
Mullach Fraoch-choire,11B: Glen Affric to Glen Moriston,Highland,1100.9,3612,57.205388,-5.155637,2023,
Creise,03C: Glen Etive to Glen Lochy,Highland,1099.8,3608,56.614448,-4.871987,,
Sgurr a' Mhaim,04A: Fort William to Loch Treig & Loch Leven,Highland,1099,3606,56.75592,-5.00369,,
Sgurr Choinnich Mor,04A: Fort William to Loch Treig & Loch Leven,Highland,1094,3589,56.800439,-4.90396,,
Sgurr nan Clach Geala,14B: The Fannaichs,Highland,1093,3586,57.696278,-5.048237,,
Bynack More,08A: Cairngorms,Highland,1090,3576,57.13822,-3.584733,,
Stob Ghabhar,03C: Glen Etive to Glen Lochy,Argyll and Bute/Highland,1089.2,3573,56.568103,-4.882099,,
Beinn a' Chlachair,04B: Loch Treig to Loch Ericht,Highland,1087.8,3569,56.869534,-4.509668,,
Beinn Dearg (Ullapool),15A: Loch Broom to Strath Oykel,Highland,1084,3556,57.78635,-4.929557,,
Sgurr a' Choire Ghlais,12A: Kyle of Lochalsh to Garve,Highland,1083.7,3555,57.444289,-4.90374,,
Schiehallion,02A: Loch Rannoch to Glen Lyon,Perth and Kinross,1083.3,3554,56.666942,-4.10023,2024,2025
Beinn a' Chaorainn (Cairngorms),08B: Cairngorms,Aberdeenshire/Moray,1083.3,3554,57.093263,-3.577433,,
Beinn a' Chreachain,02A: Loch Rannoch to Glen Lyon,Perth and Kinross,1080.6,3545,56.560387,-4.647573,,
Ben Starav,03C: Glen Etive to Glen Lochy,Highland,1079.5,3542,56.538922,-5.049748,,
Beinn Sheasgarnaich [Beinn Heasgarnich],02B: Glen Lyon to Glen Dochart & Loch Tay,Perth and Kinross,1077.4,3535,56.510254,-4.579217,,
Beinn Dorain,02A: Loch Rannoch to Glen Lyon,Argyll and Bute,1076,3530,56.50287,-4.722173,,
Stob Coire Sgreamhach,03B: Loch Linnhe to Loch Etive,Highland,1072,3517,56.638314,-5.010284,2015,
Beinn a' Ghlo - Braigh Coire Chruinn-bhalgain,06B: Pitlochry to Braemar & Blairgowrie,Perth and Kinross,1070,3510,56.831101,-3.729489,2025,
Sgurr Fhuaran,11A: Loch Duich to Cannich,Highland,1068.8,3507,57.19615,-5.34765,,
An Socach (Mullardoch),12B: Killilan to Inverness,Highland,1069,3507,57.350229,-5.158603,2024,
Glas Maol,07A: Braemar to Montrose,Angus,1067.7,3503,56.873068,-3.368237,2021,
Meall Corranaich,02B: Glen Lyon to Glen Dochart & Loch Tay,Perth and Kinross,1067.2,3501,56.540955,-4.25347,,
Cairn of Claise,07A: Braemar to Montrose,Aberdeenshire/Angus,1063.1,3488,56.894179,-3.338638,2021,
An Teallach - Bidein a' Ghlas Thuill,14A: Loch Maree to Loch Broom,Highland,1062.6,3486,57.807107,-5.251768,,
An Teallach - Sgurr Fiona,14A: Loch Maree to Loch Broom,Highland,1058.7,3473,57.800726,-5.259443,,
Liathach - Spidean a' Choire Leith,13A: Loch Torridon to Loch Maree,Highland,1054.8,3461,57.564197,-5.463609,,
Na Gruagaichean,04A: Fort William to Loch Treig & Loch Leven,Highland,1054.3,3459,56.743699,-4.939851,,
Toll Creagach,11A: Loch Duich to Cannich,Highland,1053.7,3457,57.309228,-4.999937,,
Sgurr a' Chaorachain,12A: Kyle of Lochalsh to Garve,Highland,1053,3455,57.452492,-5.189284,,
Stob Poite Coire Ardair,09C: Loch Lochy to Loch Laggan,Highland,1052.5,3453,56.964037,-4.585762,,
Glas Tulaichean,06B: Pitlochry to Braemar & Blairgowrie,Perth and Kinross,1051,3448,56.865757,-3.55818,2025,
Geal Charn (Laggan),04B: Loch Treig to Loch Ericht,Highland,1049.7,3444,56.897763,-4.457236,,
Beinn a' Chaorainn (Glen Spean),09C: Loch Lochy to Loch Laggan,Highland,1049.1,3442,56.928624,-4.653644,,
Sgurr Fhuar-thuill,12A: Kyle of Lochalsh to Garve,Highland,1049.2,3442,57.44968,-4.94178,,
Carn an t-Sagairt Mor,07A: Braemar to Montrose,Aberdeenshire,1047,3435,56.942973,-3.303227,,
Creag Mhor,02B: Glen Lyon to Glen Dochart & Loch Tay,Perth and Kinross/Stirling,1046.8,3434,56.489519,-4.614038,2025,
Chno Dearg,04B: Loch Treig to Loch Ericht,Highland,1046,3432,56.830077,-4.66083,,
Ben Wyvis - Glas Leathad Mor,15B: Loch Vaich to Moray Firth,Highland,1046,3432,57.678914,-4.57925,,
Cruach Ardrain,01C: Loch Lomond to Strathyre,Stirling,1045.9,3431,56.356438,-4.576152,,
Stob Coir' an Albannaich,03C: Glen Etive to Glen Lochy,Argyll and Bute/Highland,1044.9,3428,56.554903,-4.979809,2024,
Beinn Iutharn Mhor,06B: Pitlochry to Braemar & Blairgowrie,Aberdeenshire/Perth and Kinross,1045,3428,56.894994,-3.568229,,
Meall nan Tarmachan,02B: Glen Lyon to Glen Dochart & Loch Tay,Perth and Kinross,1043.6,3424,56.521673,-4.301344,,
Carn Mairg,02A: Loch Rannoch to Glen Lyon,Perth and Kinross,1043,3422,56.634635,-4.145624,2025,
Sgurr na Ciche,10B: Knoydart to Glen Kingie,Highland,1040.2,3413,57.01346,-5.456871,,
Meall Ghaordaidh,02B: Glen Lyon to Glen Dochart & Loch Tay,Perth and Kinross/Stirling,1039.8,3411,56.525809,-4.416654,,
Beinn Achaladair,02A: Loch Rannoch to Glen Lyon,Argyll and Bute/Perth and Kinross,1038.6,3407,56.551909,-4.694515,,
Carn a' Mhaim,08A: Cairngorms,Aberdeenshire,1037,3402,57.036871,-3.658384,2024,
Sgurr a' Bhealaich Dheirg,11A: Loch Duich to Cannich,Highland,1036,3399,57.177825,-5.252177,,
Gleouraich,10A: Glen Shiel to Loch Hourn and Loch Quoich,Highland,1035.1,3396,57.097163,-5.238035,,
Carn Dearg (Loch Pattack),04B: Loch Treig to Loch Ericht,Highland,1034,3392,56.855242,-4.454693,,
Am Bodach,04A: Fort William to Loch Treig & Loch Leven,Highland,1031.8,3385,56.74173,-4.98337,,
Beinn Fhada,11A: Loch Duich to Cannich,Highland,1031.9,3385,57.221002,-5.283519,,
Ben Oss,01D: Inveraray to Crianlarich,Stirling,1029.8,3379,56.389027,-4.775195,,
Carn Gorm,02A: Loch Rannoch to Glen Lyon,Perth and Kinross,1029.5,3378,56.622537,-4.226021,2025,
Carn an Righ,06B: Pitlochry to Braemar & Blairgowrie,Perth and Kinross,1029,3376,56.876583,-3.595273,2025,
Sgurr na Ciste Duibhe,11A: Loch Duich to Cannich,Highland,1027,3369,57.180924,-5.337134,,
Sgurr a' Mhaoraich,10A: Glen Shiel to Loch Hourn and Loch Quoich,Highland,1026.6,3368,57.105673,-5.330394,,
Beinn Challuim [Ben Challum],02B: Glen Lyon to Glen Dochart & Loch Tay,Stirling,1024.9,3363,56.454573,-4.619184,,
Beinn a' Bheithir - Sgorr Dhearg,03B: Loch Linnhe to Loch Etive,Highland,1024.2,3360,56.65393,-5.171511,,
Liathach - Mullach an Rathain,13A: Loch Torridon to Loch Maree,Highland,1023.9,3359,57.560892,-5.492533,,
Buachaille Etive Mor - Stob Dearg,03B: Loch Linnhe to Loch Etive,Highland,1021.4,3351,56.646228,-4.900377,,
Ladhar Bheinn,10B: Knoydart to Glen Kingie,Highland,1020,3346,57.075263,-5.591745,,
Aonach air Chrith,10A: Glen Shiel to Loch Hourn and Loch Quoich,Highland,1019.5,3345,57.12464,-5.221291,,
Beinn Bheoil,04B: Loch Treig to Loch Ericht,Highland,1019,3343,56.813267,-4.430662,,
Carn an Tuirc,07A: Braemar to Montrose,Aberdeenshire,1018.8,3343,56.908265,-3.357125,2021,
Mullach Clach a' Bhlair,08A: Cairngorms,Highland,1019,3343,57.011879,-3.841271,,
Mullach Coire Mhic Fhearchair,14A: Loch Maree to Loch Broom,Highland,1015.2,3331,57.708995,-5.271357,,
Garbh Chioch Mhor,10B: Knoydart to Glen Kingie,Highland,1012.9,3323,57.008556,-5.444322,,
Beinn Ime,01D: Inveraray to Crianlarich,Argyll and Bute,1012.2,3321,56.236794,-4.817125,2025,
The Saddle,10A: Glen Shiel to Loch Hourn and Loch Quoich,Highland,1011.5,3319,57.162395,-5.414721,,
Cairn Bannoch,07A: Braemar to Montrose,Aberdeenshire/Angus,1011.1,3317,56.927728,-3.278403,,
Sgurr Eilde Mor,04A: Fort William to Loch Treig & Loch Leven,Highland,1010,3314,56.750006,-4.895435,,
Beinn Udlamain,05A: Loch Ericht to Glen Tromie & Glen Garry,Highland/Perth and Kinross,1010.2,3314,56.835444,-4.329976,,
Sgurr an Doire Leathain,10A: Glen Shiel to Loch Hourn and Loch Quoich,Highland,1010,3314,57.13687,-5.281531,,
Beinn Eighe - Ruadh-stac Mor,13A: Loch Torridon to Loch Maree,Highland,1010,3314,57.593735,-5.429454,,
Beinn Dearg (Blair Atholl),06A: Glen Tromie to Glen Tilt,Perth and Kinross,1008.7,3309,56.877346,-3.883719,,
The Devil's Point,08A: Cairngorms,Aberdeenshire,1006.9,3303,57.03571,-3.688803,,
An Sgarsoch,06A: Glen Tromie to Glen Tilt,Aberdeenshire/Perth and Kinross,1006.5,3302,56.932109,-3.754294,,
Carn Liath,09C: Loch Lochy to Loch Laggan,Highland,1006.1,3301,56.978793,-4.515289,,
Beinn Fhionnlaidh (Carn Eige,11A: Loch Duich to Cannich,Highland,1004.8,3297,57.305977,-5.129909,,
Maoile Lunndaidh,12A: Kyle of Lochalsh to Garve,Highland,1004.9,3297,57.464477,-5.111002,,
Beinn an Dothaidh,02A: Loch Rannoch to Glen Lyon,Argyll and Bute,1004,3294,56.53013,-4.713981,,
Sgurr an Lochain,10A: Glen Shiel to Loch Hourn and Loch Quoich,Highland,1004,3294,57.141288,-5.297466,,
Sgurr Mor (Loch Quoich),10B: Knoydart to Glen Kingie,Highland,1003,3291,57.028446,-5.354206,,
Beinn a' Bheithir - Sgorr Dhonuill,03B: Loch Linnhe to Loch Etive,Highland,1002.1,3288,56.650531,-5.19789,,
Sgurr na Carnach,11A: Loch Duich to Cannich,Highland,1002,3287,57.189034,-5.349224,,
Meall Greigh,02B: Glen Lyon to Glen Dochart & Loch Tay,Perth and Kinross,1001,3284,56.567417,-4.159559,,
Aonach Meadhoin,11A: Loch Duich to Cannich,Highland,1001,3284,57.173026,-5.229166,,
Stob Ban (Mamores),04A: Fort William to Loch Treig & Loch Leven,Highland,999.7,3280,56.743706,-5.030328,,
Sgurr Breac,14B: The Fannaichs,Highland,999.6,3280,57.691943,-5.09131,,
Sgurr Choinnich,12A: Kyle of Lochalsh to Garve,Highland,999.3,3279,57.451026,-5.207916,,
Stob Daimh [Stob Diamh],03C: Glen Etive to Glen Lochy,Argyll and Bute,999.2,3278,56.431336,-5.091319,2025,
Sail Chaorainn,11B: Glen Affric to Glen Moriston,Highland,999.2,3278,57.191631,-5.091183,,
Ben More Assynt,16E: Scourie to Lairg,Highland,998.9,3277,58.138164,-4.858208,2014,
A' Chailleach (Fannaichs),14B: The Fannaichs,Highland,998.6,3276,57.693773,-5.128713,,
Glas Bheinn Mhor,03C: Glen Etive to Glen Lochy,Argyll and Bute/Highland,997.7,3273,56.542434,-5.005252,2024,
Broad Cairn,07A: Braemar to Montrose,Aberdeenshire/Angus,997.1,3271,56.919148,-3.249082,,
An Caisteal,01C: Loch Lomond to Strathyre,Stirling,995.9,3267,56.338618,-4.62437,,
Spidean Mialach,10A: Glen Shiel to Loch Hourn and Loch Quoich,Highland,995.9,3267,57.088964,-5.193614,,
Sgurr na h-Ulaidh [Sgor na h-Ulaidh],03B: Loch Linnhe to Loch Etive,Highland,994,3261,56.619804,-5.080061,,
Carn an Fhidhleir [Carn Ealar],06A: Glen Tromie to Glen Tilt,Aberdeenshire/Highland/Perth and Kinross,994,3261,56.936029,-3.801535,,
Sgurr na Ruaidhe,12A: Kyle of Lochalsh to Garve,Highland,993,3258,57.441497,-4.852465,,
Beinn Eighe - Spidean Coire nan Clach,13A: Loch Torridon to Loch Maree,Highland,993,3258,57.582098,-5.403706,,
Carn nan Gobhar (Loch Mullardoch),12B: Killilan to Inverness,Highland,992.3,3256,57.363304,-5.024544,2024,
Carn nan Gobhar (Strathfarrar),12A: Kyle of Lochalsh to Garve,Highland,992,3255,57.452331,-4.879935,,
Sgurr Alasdair,17B: Minginish and the Cuillin Hills,Highland,992,3255,57.206589,-6.224143,,
Sgairneach Mhor,05A: Loch Ericht to Glen Tromie & Glen Garry,Perth and Kinross,991.4,3253,56.828406,-4.298084,,
Beinn Eunaich,03C: Glen Etive to Glen Lochy,Argyll and Bute,989,3245,56.450352,-5.026639,,
Sgurr Ban,14A: Loch Maree to Loch Broom,Highland,989,3245,57.718538,-5.265903,,
Creag Leacach,07A: Braemar to Montrose,Angus/Perth and Kinross,988.2,3242,56.85464,-3.387768,2021,
Lurg Mhor,12A: Kyle of Lochalsh to Garve,Highland,987.5,3240,57.413091,-5.223666,,
Conival,16E: Scourie to Lairg,Highland,987.6,3240,58.135689,-4.883497,2014,
Gulvain [Gaor Bheinn],10D: Mallaig to Fort William,Highland,987,3238,56.936211,-5.284527,,
Beinn Alligin - Sgurr Mor,13A: Loch Torridon to Loch Maree,Highland,986,3235,57.590829,-5.572765,,
Sgurr Dearg - Inaccessible Pinnacle,17B: Minginish and the Cuillin Hills,Highland,985.8,3234,57.213261,-6.234818,,
Ben Vorlich (Loch Earn),01B: Strathyre to Strathallan,Perth and Kinross,985.3,3233,56.34268,-4.219464,2016,2016
Druim Shionnach,10A: Glen Shiel to Loch Hourn and Loch Quoich,Highland,985.2,3232,57.126794,-5.182841,,
Mullach na Dheiragain,11A: Loch Duich to Cannich,Highland,982,3222,57.283399,-5.186333,,
An Gearanach,04A: Fort William to Loch Treig & Loch Leven,Highland,981.5,3220,56.759172,-4.96623,,
Meall na Aighean,02A: Loch Rannoch to Glen Lyon,Perth and Kinross,981,3219,56.620627,-4.128741,,
Stob Coire a' Chairn,04A: Fort William to Loch Treig & Loch Leven,Highland,981.3,3219,56.750756,-4.968985,,
Ciste Dhubh,11A: Loch Duich to Cannich,Highland,981.1,3219,57.199243,-5.209033,,
Slioch,14A: Loch Maree to Loch Broom,Highland,981,3219,57.667148,-5.347061,,
Maol Chinn-dearg,10A: Glen Shiel to Loch Hourn and Loch Quoich,Highland,980.3,3216,57.12756,-5.252651,,
Beinn a' Chochuill,03C: Glen Etive to Glen Lochy,Argyll and Bute,980,3215,56.44979,-5.068552,,
Stob Coire Sgriodain,04B: Loch Treig to Loch Ericht,Highland,979,3212,56.831744,-4.694934,,
Beinn Dubhchraig,01D: Inveraray to Crianlarich,Stirling,978.6,3211,56.391295,-4.743193,,
Cona' Mheall,15A: Loch Broom to Strath Oykel,Highland,977.8,3208,57.791077,-4.903418,,
Stob Ban (Grey Corries),04A: Fort William to Loch Treig & Loch Leven,Highland,977,3205,56.810656,-4.840877,,
Meall nan Ceapraichean,15A: Loch Broom to Strath Oykel,Highland,976.8,3205,57.798514,-4.934012,,
Carn a' Gheoidh,06B: Pitlochry to Braemar & Blairgowrie,Aberdeenshire/Perth and Kinross,976.1,3202,56.873065,-3.466616,2024,
Beinn a' Ghlo - Carn Liath,06B: Pitlochry to Braemar & Blairgowrie,Perth and Kinross,975.8,3201,56.80777,-3.74409,2025,
Beinn Sgritheall,10A: Glen Shiel to Loch Hourn and Loch Quoich,Highland,974,3196,57.153815,-5.579727,,
Ben Lomond,01C: Loch Lomond to Strathyre,Stirling,973.7,3195,56.190302,-4.63301,,2000
A' Mharconaich,05A: Loch Ericht to Glen Tromie & Glen Garry,Highland,973.2,3193,56.857002,-4.290668,,
Stuc a' Chroin,01B: Strathyre to Strathallan,Perth and Kinross/Stirling,973,3192,56.329315,-4.237533,2016,
Sgurr a' Ghreadaidh,17B: Minginish and the Cuillin Hills,Highland,972.1,3189,57.227313,-6.234425,,
Aonach Eagach - Sgorr nam Fiannaidh,03A: Loch Leven to Rannoch Station,Highland,967.7,3175,56.679387,-5.037143,,
Meall Garbh (Carn Mairg),02A: Loch Rannoch to Glen Lyon,Perth and Kinross,967.5,3174,56.637381,-4.207472,2025,
Sgurr nan Gillean,17B: Minginish and the Cuillin Hills,Highland,966.1,3170,57.248215,-6.193159,,
A' Mhaighdean,14A: Loch Maree to Loch Broom,Highland,965.8,3169,57.719653,-5.346738,,
Ben More (Mull),17E: Mull and Nearby Islands,Argyll and Bute,966,3169,56.424829,-6.013999,,
Sgurr na Banachdich [Sgurr na Banachdaich],17B: Minginish and the Cuillin Hills,Highland,965,3166,57.220972,-6.241638,,
Carn a' Chlamain,06A: Glen Tromie to Glen Tilt,Perth and Kinross,963.5,3161,56.860965,-3.779634,,
Sgurr Thuilm,10D: Mallaig to Fort William,Highland,963,3159,56.937056,-5.389207,,
Ben Klibreck - Meall nan Con,16D: Altnaharra to Dornoch,Highland,962.1,3156,58.235202,-4.41113,,
Sgorr Ruadh,13B: Applecross to Achnasheen,Highland,960.7,3152,57.498622,-5.407747,,
Stuc an Lochain [Stuchd an Lochain],02A: Loch Rannoch to Glen Lyon,Perth and Kinross,959.5,3148,56.570907,-4.470602,,
Meall Glas,02B: Glen Lyon to Glen Dochart & Loch Tay,Stirling,959.3,3147,56.455711,-4.546837,,
Beinn Fhionnlaidh,03B: Loch Linnhe to Loch Etive,Argyll and Bute,959,3146,56.600978,-5.104749,,
Beinn nan Aighenan,03C: Glen Etive to Glen Lochy,Argyll and Bute,959,3146,56.520349,-5.011178,,
Bruach na Frithe,17B: Minginish and the Cuillin Hills,Highland,958.8,3146,57.246761,-6.210795,,
Buachaille Etive Beag - Stob Dubh,03B: Loch Linnhe to Loch Etive,Highland,958,3143,56.638159,-4.970747,,
Tolmount,07A: Braemar to Montrose,Aberdeenshire/Angus,957.8,3142,56.904724,-3.297946,2021,
Tom Buidhe,07A: Braemar to Montrose,Angus,957.8,3142,56.893624,-3.292357,2021,
Sgurr nan Coireachan (Glenfinnan),10D: Mallaig to Fort William,Highland,956.3,3137,56.935728,-5.448551,,
Carn Ghluasaid,11B: Glen Affric to Glen Moriston,Highland,956.3,3137,57.165959,-5.068159,,
Saileag,11A: Loch Duich to Cannich,Highland,956,3136,57.181264,-5.281331,,
Sgor Gaibhre,04B: Loch Treig to Loch Ericht,Highland/Perth and Kinross,954.7,3132,56.772544,-4.546498,,
Beinn Liath Mhor Fannaich,14B: The Fannaichs,Highland,954.2,3131,57.706095,-4.989775,,
Sgurr nan Coireachan (Glen Shiel),10B: Knoydart to Glen Kingie,Highland,953.8,3129,57.007158,-5.40544,,
Buachaille Etive Mor - Stob na Broige,03B: Loch Linnhe to Loch Etive,Highland,953.4,3128,56.629879,-4.951162,,
Am Faochagach,15A: Loch Broom to Strath Oykel,Highland,953,3127,57.771801,-4.853882,,
Beinn Mhanach,02A: Loch Rannoch to Glen Lyon,Perth and Kinross,952.5,3125,56.534032,-4.646042,,
Aonach Eagach - Meall Dearg,03A: Loch Leven to Rannoch Station,Highland,952.3,3124,56.68074,-5.003235,,
Meall Chuaich,05B: Loch Ericht to Glen Tromie & Glen Garry,Highland,950.8,3119,56.96385,-4.112568,,
Meall Gorm,14B: The Fannaichs,Highland,949.7,3116,57.680837,-4.983801,,
Beinn Bhuidhe,01D: Inveraray to Crianlarich,Argyll and Bute,948.5,3112,56.326686,-4.906709,,
Sgurr Mhic Choinnich,17B: Minginish and the Cuillin Hills,Highland,948.1,3111,57.208956,-6.224099,,
Driesh,07A: Braemar to Montrose,Angus,947.6,3109,56.848003,-3.196539,2025,
Creag a' Mhaim,10A: Glen Shiel to Loch Hourn and Loch Quoich,Highland,946.2,3104,57.120971,-5.160048,,
Sgurr na Sgine,10A: Glen Shiel to Loch Hourn and Loch Quoich,Highland,946,3104,57.147088,-5.396666,,
Beinn Tulaichean,01C: Loch Lomond to Strathyre,Stirling,945.8,3103,56.342234,-4.563315,,
Carn Dearg (Monadhliath),09B: Glen Albyn and the Monadh Liath,Highland,945.7,3103,57.092261,-4.253246,,
Meall Buidhe (Knoydart),10B: Knoydart to Glen Kingie,Highland,945.5,3102,57.031543,-5.546333,,
Carn Bhac,06B: Pitlochry to Braemar & Blairgowrie,Aberdeenshire,945.1,3101,56.930558,-3.560897,,
Stob a' Choire Odhair,03C: Glen Etive to Glen Lochy,Argyll and Bute/Highland,945,3100,56.573308,-4.838302,,
Bidein a' Choire Sheasgaich,12A: Kyle of Lochalsh to Garve,Highland,945,3100,57.41971,-5.250472,,
Sgurr Dubh Mor,17B: Minginish and the Cuillin Hills,Highland,944.1,3097,57.204869,-6.211385,,
Binnein Beag,04A: Fort William to Loch Treig & Loch Leven,Highland,943,3094,56.766961,-4.911161,,
Ben Vorlich (Loch Lomond,01D: Inveraray to Crianlarich,Argyll and Bute,942.8,3093,56.274021,-4.755046,2025,2020
An Socach (Braemar),06B: Pitlochry to Braemar & Blairgowrie,Aberdeenshire,942.8,3093,56.902007,-3.512431,,
Beinn a' Chroin,01C: Loch Lomond to Strathyre,Stirling,941.4,3089,56.331991,-4.609644,,
Carn Dearg (Corrour),04B: Loch Treig to Loch Ericht,Highland/Perth and Kinross,941,3087,56.759922,-4.589888,,
Carn na Caim,05B: Loch Ericht to Glen Tromie & Glen Garry,Highland/Perth and Kinross,940.8,3087,56.911722,-4.174444,,
Mullach nan Coirean,04A: Fort William to Loch Treig & Loch Leven,Highland,939.3,3082,56.749866,-5.072446,,
Mount Keen,07B: Braemar to Montrose,Aberdeenshire/Angus,939.4,3082,56.96976,-2.973622,,
Luinne Bheinn,10B: Knoydart to Glen Kingie,Highland,938.6,3079,57.048325,-5.513607,,
Beinn Sgulaird,03B: Loch Linnhe to Loch Etive,Argyll and Bute,937,3074,56.56624,-5.170399,,
Sron a' Choire Ghairbh,10C: Loch Arkaig to Glen Moriston,Highland,936.2,3072,57.00784,-4.928747,,
A' Bhuidheanach Bheag,05B: Loch Ericht to Glen Tromie & Glen Garry,Highland/Perth and Kinross,936,3071,56.870342,-4.199001,,
Beinn na Lap,04B: Loch Treig to Loch Ericht,Highland,935,3068,56.78939,-4.659977,,
Beinn Tarsuinn,14A: Loch Maree to Loch Broom,Highland,933.8,3064,57.702052,-5.291617,,
Meall a' Chrasgaidh,14B: The Fannaichs,Highland,934,3064,57.712866,-5.048742,,
Am Basteir,17B: Minginish and the Cuillin Hills,Highland,934,3064,57.24794,-6.202966,,
The Cairnwell,06B: Pitlochry to Braemar & Blairgowrie,Aberdeenshire/Perth and Kinross,933,3061,56.87952,-3.421215,2024,2024
Maol Chean-dearg,13B: Applecross to Achnasheen,Highland,933,3061,57.491697,-5.465549,,
Fionn Bheinn,14B: The Fannaichs,Highland,933,3061,57.611148,-5.102696,,
Beinn Chabhair,01C: Loch Lomond to Strathyre,Stirling,932.2,3058,56.325779,-4.641476,,
Meall Buidhe (Glen Lyon),02A: Loch Rannoch to Glen Lyon,Perth and Kinross,932.1,3058,56.617231,-4.448608,,
Ben Chonzie,01A: Loch Tay to Perth,Perth and Kinross,930.4,3052,56.453851,-3.992057,2023,
Beinn Bhreac,08B: Cairngorms,Aberdeenshire,930.3,3052,57.055072,-3.553472,,
A' Chailleach (Monadh Liath),09B: Glen Albyn and the Monadh Liath,Highland,929.3,3049,57.109564,-4.179285,,
Mayar,07A: Braemar to Montrose,Angus,928.6,3047,56.848936,-3.246316,2025,
Blabheinn [Bla Bheinn],17B: Minginish and the Cuillin Hills,Highland,928.8,3047,57.219565,-6.09321,,
Meall nan Eun,03C: Glen Etive to Glen Lochy,Argyll and Bute,928.1,3045,56.561176,-4.942926,2024,
Beinn Narnain,01D: Inveraray to Crianlarich,Argyll and Bute,926.8,3041,56.220956,-4.789003,2025,
Eididh nan Clach Geala,15A: Loch Broom to Strath Oykel,Highland,927,3041,57.813492,-4.934218,,
Ben Hope,16B: Durness to Loch Shin,Highland,927,3041,58.413113,-4.60786,,
Geal Charn (Monadh Liath),09B: Glen Albyn and the Monadh Liath,Highland,926.3,3039,57.057427,-4.373589,,
Sgurr nan Eag,17B: Minginish and the Cuillin Hills,Highland,926.3,3039,57.19581,-6.211264,,
Beinn Liath Mhor,13B: Applecross to Achnasheen,Highland,926,3038,57.512073,-5.400633,,
Seana Bhraigh,15A: Loch Broom to Strath Oykel,Highland,926,3038,57.84733,-4.89662,,
Meall a' Choire Leith,02B: Glen Lyon to Glen Dochart & Loch Tay,Perth and Kinross,925.6,3037,56.566312,-4.259617,,
Moruisg,12A: Kyle of Lochalsh to Garve,Highland,925.7,3037,57.499712,-5.17063,,
Buachaille Etive Beag - Stob Coire Raineach,03B: Loch Linnhe to Loch Etive,Highland,924.5,3033,56.649895,-4.951601,,
Creag Pitridh,04B: Loch Treig to Loch Ericht,Highland,924.5,3033,56.899712,-4.484972,,
An Coileachan,14B: The Fannaichs,Highland,924,3031,57.667625,-4.949498,,
Sgurr nan Each,14B: The Fannaichs,Highland,923,3028,57.681017,-5.046334,,
Beinn Alligin - Tom na Gruagaich,13A: Loch Torridon to Loch Maree,Highland,922,3025,57.580519,-5.581912,,
Sgiath Chuil,02B: Glen Lyon to Glen Dochart & Loch Tay,Stirling,920.1,3019,56.453157,-4.495638,,
Carn Sgulain,09B: Glen Albyn and the Monadh Liath,Highland,920.3,3019,57.124371,-4.176986,,
An Socach (Affric),11A: Loch Duich to Cannich,Highland,919.7,3017,57.25755,-5.171311,,
Gairich,10B: Knoydart to Glen Kingie,Highland,918.8,3014,57.044888,-5.255828,,
Ruadh Stac Mor,14A: Loch Maree to Loch Broom,Highland,918.7,3014,57.726781,-5.329288,,
A' Ghlas-bheinn,11A: Loch Duich to Cannich,Highland,918,3012,57.255081,-5.303686,,
Sgurr a' Mhadaidh,17B: Minginish and the Cuillin Hills,Highland,918,3012,57.230868,-6.231947,,
Geal-charn (Drumochter),05A: Loch Ericht to Glen Tromie & Glen Garry,Highland,917.1,3009,56.874433,-4.304519,,
Creag nan Damh,10A: Glen Shiel to Loch Hourn and Loch Quoich,Highland,917.2,3009,57.147262,-5.33496,,
Meall na Teanga,10C: Loch Arkaig to Glen Moriston,Highland,916.8,3008,56.98903,-4.93094,,
Beinn a' Chleibh,01D: Inveraray to Crianlarich,Argyll and Bute/Stirling,916.3,3006,56.39023,-4.83563,,
Ben Vane,01D: Inveraray to Crianlarich,Argyll and Bute,915.76,3004,56.249786,-4.781655,,
Carn Aosda,06B: Pitlochry to Braemar & Blairgowrie,Aberdeenshire,915.3,3003,56.895696,-3.423274,2024,
Beinn Teallach,09C: Loch Lochy to Loch Laggan,Highland,914.6,3001,56.935932,-4.694754,,